{
    "Test_Size": 0.2,
    "Moving_Avg": 4,
    "Lags": 12,
    "PCA": 6,
    "learning_rate": 0.1,
    "max_depth": 3,
    "n_estimators": 100,
    "R2": 0.9084410477426383,
    "MAE": 0.10130082461735844,
    "RMSE": 0.013222681227676341
}