{
    "Test_Size": 0.2,
    "Moving_Avg": 12,
    "Lags": 4,
    "PCA": 6,
    "learning_rate": 0.3,
    "max_depth": 3,
    "n_estimators": 100,
    "R2": -0.14483397280888322,
    "MAE": 0.31801683397199876,
    "RMSE": 0.12987138152172742
}