{
    "Test_Size": 0.2,
    "Moving_Avg": 12,
    "Lags": 8,
    "PCA": 6,
    "learning_rate": 0.2,
    "max_depth": 5,
    "n_estimators": 50,
    "R2": 0.8385133528225205,
    "MAE": 0.13208735576032563,
    "RMSE": 0.02250985992493056
}