{
    "Test_Size": 0.2,
    "Moving_Avg": 8,
    "Lags": 4,
    "PCA": 5,
    "lstm_units": 16,
    "dropout_rate": 0.1,
    "learning_rate": 0.01,
    "epochs": 20,
    "batch_size": 8,
    "R2": 0.940964017348631,
    "MAE": 0.07393901550056776,
    "RMSE": 0.009007579019909336
}