{
    "Test_Size": 0.2,
    "Moving_Avg": 8,
    "Lags": 4,
    "PCA": 6,
    "lstm_units": 16,
    "dropout_rate": 0.1,
    "learning_rate": 0.01,
    "epochs": 20,
    "batch_size": 8,
    "R2": 0.935861732956404,
    "MAE": 0.08459183381276761,
    "RMSE": 0.01001237373256216
}