{
    "Test_Size": 0.2,
    "Moving_Avg": 8,
    "Lags": 4,
    "PCA": 5,
    "lstm_units": 16,
    "dropout_rate": 0.1,
    "learning_rate": 0.01,
    "epochs": 20,
    "batch_size": 4,
    "R2": 0.8592933899518841,
    "MAE": 0.12113940935680136,
    "RMSE": 0.01879640490271214
}