{
    "Test_Size": 0.2,
    "Moving_Avg": 12,
    "Lags": 20,
    "PCA": 5,
    "learning_rate": 0.3,
    "max_depth": 5,
    "n_estimators": 100,
    "R2": -0.10355102067253319,
    "MAE": 0.34932186591287545,
    "RMSE": 0.14423543471122227
}