{
    "Test_Size": 0.2,
    "Moving_Avg": 4,
    "Lags": 12,
    "PCA": 6,
    "learning_rate": 0.1,
    "max_depth": 3,
    "n_estimators": 100,
    "R2": 0.9083247717698816,
    "MAE": 0.10131312233281774,
    "RMSE": 0.013239473470098257
}