{
    "Test_Size": 0.2,
    "Moving_Avg": 4,
    "Lags": 20,
    "PCA": 5,
    "learning_rate": 0.2,
    "max_depth": 3,
    "n_estimators": 100,
    "R2": 0.750651072568723,
    "MAE": 0.1488668731584593,
    "RMSE": 0.031986515017785815
}