{
    "Test_Size": 0.2,
    "Moving_Avg": 12,
    "Lags": 4,
    "PCA": 6,
    "learning_rate": 0.05,
    "max_depth": 4,
    "n_estimators": 50,
    "R2": 0.7633741626401962,
    "MAE": 0.17151185669765123,
    "RMSE": 0.036042660606696794
}