{
    "Test_Size": 0.2,
    "Moving_Avg": 8,
    "Lags": 16,
    "PCA": 6,
    "learning_rate": 0.3,
    "max_depth": 5,
    "n_estimators": 100,
    "R2": 0.8115414736778573,
    "MAE": 0.1158268735788869,
    "RMSE": 0.023093053436183866
}