{
    "Test_Size": 0.2,
    "Moving_Avg": 4,
    "Lags": 12,
    "PCA": 6,
    "lstm_units": 16,
    "dropout_rate": 0.1,
    "learning_rate": 0.01,
    "epochs": 20,
    "batch_size": 4,
    "R2": 0.7118993515611494,
    "MAE": 0.17207905449910058,
    "RMSE": 0.04126416067558477
}