{
    "Test_Size": 0.2,
    "Moving_Avg": 12,
    "Lags": 4,
    "PCA": 6,
    "lstm_units": 16,
    "dropout_rate": 0.1,
    "learning_rate": 0.01,
    "epochs": 20,
    "batch_size": 8,
    "R2": 0.6270364116987752,
    "MAE": 0.20499632413594032,
    "RMSE": 0.05680951912008051
}