{
    "Test_Size": 0.2,
    "Moving_Avg": 4,
    "Lags": 8,
    "PCA": 6,
    "lstm_units": 16,
    "dropout_rate": 0.1,
    "learning_rate": 0.01,
    "epochs": 20,
    "batch_size": 4,
    "R2": 0.8734358390703798,
    "MAE": 0.11254979125442814,
    "RMSE": 0.01903875472146393
}