{
    "Test_Size": 0.2,
    "Moving_Avg": 4,
    "Lags": 4,
    "PCA": 6,
    "learning_rate": 0.3,
    "max_depth": 5,
    "n_estimators": 100,
    "R2": 0.9337813780297398,
    "MAE": 0.08459418594816473,
    "RMSE": 0.01010349016309278
}