{
    "Test_Size": 0.2,
    "Moving_Avg": 4,
    "Lags": 4,
    "PCA": 6,
    "learning_rate": 0.2,
    "max_depth": 5,
    "n_estimators": 100,
    "R2": -0.7557435814032731,
    "MAE": 0.43914074024631006,
    "RMSE": 0.2005957489543567
}