{
    "Test_Size": 0.2,
    "Moving_Avg": 0,
    "Lags": 4,
    "PCA": 5,
    "lstm_units": 16,
    "dropout_rate": 0.1,
    "learning_rate": 0.01,
    "epochs": 20,
    "batch_size": 8,
    "R2": -1.649055540750045,
    "MAE": 0.4592223906149834,
    "RMSE": 0.30265768068121446
}