{
    "Test_Size": 0.2,
    "Moving_Avg": 4,
    "Lags": 4,
    "PCA": 6,
    "learning_rate": 0.3,
    "max_depth": 5,
    "n_estimators": 50,
    "R2": 0.9410626464150051,
    "MAE": 0.06440070133544719,
    "RMSE": 0.009200479496897318
}