{
    "Test_Size": 0.2,
    "Moving_Avg": 4,
    "Lags": 4,
    "PCA": 6,
    "R2": -3.797674429814113,
    "MAE": 0.8231284317884934,
    "RMSE": 0.7410567145352711
}