{
    "Test_Size": 0.2,
    "Moving_Avg": 4,
    "Lags": 20,
    "PCA": 6,
    "learning_rate": 0.2,
    "max_depth": 3,
    "n_estimators": 100,
    "R2": 0.910913633953641,
    "MAE": 0.08888649384181838,
    "RMSE": 0.011326829936076501
}