{
    "Test_Size": 0.2,
    "Moving_Avg": 4,
    "Lags": 16,
    "PCA": 5,
    "lstm_units": 16,
    "dropout_rate": 0.1,
    "learning_rate": 0.01,
    "epochs": 20,
    "batch_size": 8,
    "R2": 0.9526839039624522,
    "MAE": 0.06962096424518505,
    "RMSE": 0.006955571697403651
}