{
    "Test_Size": 0.2,
    "Moving_Avg": 4,
    "Lags": 8,
    "PCA": 7,
    "colsample_bytree": 0.8,
    "gamma": 0,
    "learning_rate": 0.05,
    "max_depth": 5,
    "min_child_weight": 1,
    "n_estimators": 200,
    "subsample": 0.8,
    "R2": 0.9136451979352407,
    "MAE": 0.08985933831268375,
    "RMSE": 0.01119243691055096
}