{
    "Test_Size": 0.2,
    "Moving_Avg": 0,
    "Lags": 12,
    "PCA": 6,
    "lstm_units": 16,
    "dropout_rate": 0.1,
    "learning_rate": 0.01,
    "epochs": 20,
    "batch_size": 8,
    "R2": 0.7410653385888021,
    "MAE": 0.17716445916430498,
    "RMSE": 0.03895094370541806
}