{
    "Test_Size": 0.2,
    "Moving_Avg": 4,
    "Lags": 8,
    "PCA": 6,
    "nn_units": 8,
    "dropout_rate": 0.1,
    "learning_rate": 0.01,
    "epochs": 20,
    "batch_size": 8,
    "R2": 0.8377421048996123,
    "MAE": 0.08309243941237904,
    "RMSE": 0.015124144990129512
}