{
    "Test_Size": 0.2,
    "Moving_Avg": 0,
    "Lags": 8,
    "PCA": 6,
    "learning_rate": 0.2,
    "max_depth": 7,
    "n_estimators": 50,
    "R2": 0.8748301710711683,
    "MAE": 0.12326732889882537,
    "RMSE": 0.01846620551327213
}