{
    "Test_Size": 0.2,
    "Moving_Avg": 12,
    "Lags": 20,
    "PCA": 6,
    "lstm_units": 16,
    "dropout_rate": 0.1,
    "learning_rate": 0.01,
    "epochs": 20,
    "batch_size": 8,
    "R2": 0.9838867116886422,
    "MAE": 0.04446055894851865,
    "RMSE": 0.002368689336534547
}