{
    "Test_Size": 0.2,
    "Moving_Avg": 4,
    "Lags": 4,
    "PCA": 6,
    "lstm_units": 16,
    "dropout_rate": 0.1,
    "learning_rate": 0.01,
    "epochs": 20,
    "batch_size": 8,
    "R2": 0.8615912731796638,
    "MAE": 0.13054958554954757,
    "RMSE": 0.021606444399742675
}