{
    "Test_Size": 0.2,
    "Moving_Avg": 4,
    "Lags": 4,
    "PCA": 6,
    "R2": -1.040473038255306,
    "MAE": 0.4566275444393536,
    "RMSE": 0.299954089681051
}