{
    "Test_Size": 0.2,
    "Moving_Avg": 8,
    "Lags": 12,
    "PCA": 6,
    "lstm_units": 16,
    "dropout_rate": 0.1,
    "learning_rate": 0.01,
    "epochs": 20,
    "batch_size": 8,
    "R2": -0.35395472641924064,
    "MAE": 0.3460851644669553,
    "RMSE": 0.17696349773241965
}