{
    "Test_Size": 0.2,
    "Moving_Avg": 8,
    "Lags": 12,
    "PCA": 6,
    "lstm_units": 8,
    "dropout_rate": 0.1,
    "learning_rate": 0.01,
    "epochs": 20,
    "batch_size": 8,
    "R2": 0.7002310951454513,
    "MAE": 0.14764929691644024,
    "RMSE": 0.03343559789377142
}