{
    "Test_Size": 0.2,
    "Moving_Avg": 12,
    "Lags": 8,
    "PCA": 6,
    "learning_rate": 0.2,
    "max_depth": 5,
    "n_estimators": 50,
    "R2": 0.8376370760637943,
    "MAE": 0.1326928934494835,
    "RMSE": 0.02263200542388763
}