{
    "Test_Size": 0.2,
    "Moving_Avg": 12,
    "Lags": 20,
    "PCA": 6,
    "lstm_units": 8,
    "dropout_rate": 0.1,
    "learning_rate": 0.01,
    "epochs": 20,
    "batch_size": 4,
    "R2": 0.06020785546816032,
    "MAE": 0.3059351424289393,
    "RMSE": 0.1371904426409243
}