{
    "Test_Size": 0.2,
    "Moving_Avg": 0,
    "Lags": 12,
    "PCA": 6,
    "nn_units": 8,
    "dropout_rate": 0.1,
    "learning_rate": 0.01,
    "epochs": 20,
    "batch_size": 4,
    "R2": 0.8603021051170882,
    "MAE": 0.1294919871772216,
    "RMSE": 0.021807691378209003
}