{
    "Test_Size": 0.2,
    "Moving_Avg": 4,
    "Lags": 4,
    "PCA": 6,
    "R2": -3.4545763957166615,
    "MAE": 0.7269024694254157,
    "RMSE": 0.6209299186345837
}