{
    "Test_Size": 0.2,
    "Moving_Avg": 4,
    "Lags": 4,
    "PCA": 6,
    "R2": -1.8431667611791256,
    "MAE": 0.5457295081343962,
    "RMSE": 0.41060198738975734
}