{
    "Test_Size": 0.2,
    "Moving_Avg": 4,
    "Lags": 8,
    "PCA": 6,
    "colsample_bytree": 0.8,
    "gamma": 0,
    "learning_rate": 0.1,
    "max_depth": 4,
    "min_child_weight": 1,
    "n_estimators": 200,
    "subsample": 0.8,
    "R2": 0.7033467969701841,
    "MAE": 0.13416659923816424,
    "RMSE": 0.027651203361373715
}