{
    "Test_Size": 0.2,
    "Moving_Avg": 0,
    "Lags": 4,
    "PCA": 6,
    "learning_rate": 0.3,
    "max_depth": 3,
    "n_estimators": 100,
    "R2": 0.874979079295942,
    "MAE": 0.11914973615778976,
    "RMSE": 0.019310937851344266
}