{
    "Test_Size": 0.2,
    "Moving_Avg": 0,
    "Lags": 12,
    "PCA": 5,
    "lstm_units": 16,
    "dropout_rate": 0.1,
    "learning_rate": 0.01,
    "epochs": 20,
    "batch_size": 4,
    "R2": 0.8634353672100786,
    "MAE": 0.11122660307368212,
    "RMSE": 0.021318570101268874
}