{
    "Test_Size": 0.2,
    "Moving_Avg": 8,
    "Lags": 12,
    "PCA": 6,
    "learning_rate": 0.05,
    "max_depth": 7,
    "n_estimators": 50,
    "R2": 0.406106942683889,
    "MAE": 0.22406631819072123,
    "RMSE": 0.06838287622595104
}