{
    "Test_Size": 0.2,
    "Moving_Avg": 12,
    "Lags": 12,
    "PCA": 6,
    "learning_rate": 0.3,
    "max_depth": 5,
    "n_estimators": 50,
    "R2": 0.8377021777276757,
    "MAE": 0.13722272895026202,
    "RMSE": 0.023858142021095846
}