{
    "Test_Size": 0.2,
    "Moving_Avg": 4,
    "Lags": 4,
    "PCA": 6,
    "R2": -1.913959560342085,
    "MAE": 0.5583548366252639,
    "RMSE": 0.42989414109718005
}