{
    "Test_Size": 0.2,
    "Moving_Avg": 4,
    "Lags": 4,
    "PCA": 6,
    "R2": -2.3444894027132586,
    "MAE": 0.6625711759966489,
    "RMSE": 0.5220951451930785
}