{
    "Test_Size": 0.2,
    "Moving_Avg": 8,
    "Lags": 8,
    "PCA": 5,
    "lstm_units": 16,
    "dropout_rate": 0.1,
    "learning_rate": 0.01,
    "epochs": 20,
    "batch_size": 4,
    "R2": 0.7216187666115361,
    "MAE": 0.1520312006969764,
    "RMSE": 0.035675251450590466
}