{
    "Test_Size": 0.2,
    "Moving_Avg": 4,
    "Lags": 4,
    "PCA": 6,
    "learning_rate": 0.3,
    "max_depth": 5,
    "n_estimators": 50,
    "R2": 0.9415675469314254,
    "MAE": 0.06413610444458616,
    "RMSE": 0.009121661454234474
}