{
    "Test_Size": 0.2,
    "Moving_Avg": 8,
    "Lags": 4,
    "PCA": 5,
    "lstm_units": 16,
    "dropout_rate": 0.1,
    "learning_rate": 0.01,
    "epochs": 20,
    "batch_size": 4,
    "R2": 0.9715340185544269,
    "MAE": 0.06172333527925779,
    "RMSE": 0.005337502255185805
}