{
    "Test_Size": 0.2,
    "Moving_Avg": 4,
    "Lags": 4,
    "PCA": 6,
    "R2": -1.353081968674251,
    "MAE": 0.5070190956978047,
    "RMSE": 0.3539686915476868
}