{
    "Test_Size": 0.2,
    "Moving_Avg": 4,
    "Lags": 4,
    "PCA": 6,
    "learning_rate": 0.1,
    "max_depth": 3,
    "n_estimators": 50,
    "R2": 0.8713409094709244,
    "MAE": 0.11485242666907881,
    "RMSE": 0.019353890147715797
}