{
    "Test_Size": 0.2,
    "Moving_Avg": 4,
    "Lags": 8,
    "PCA": 8,
    "nn_units": 8,
    "dropout_rate": 0.1,
    "learning_rate": 0.01,
    "epochs": 20,
    "batch_size": 8,
    "R2": 0.8958051038680263,
    "MAE": 0.0878309031571316,
    "RMSE": 0.013504689646372794
}