{
    "Test_Size": 0.2,
    "Moving_Avg": 4,
    "Lags": 12,
    "PCA": 5,
    "lstm_units": 16,
    "dropout_rate": 0.1,
    "learning_rate": 0.01,
    "epochs": 20,
    "batch_size": 4,
    "R2": 0.7814656481038149,
    "MAE": 0.14902493315679305,
    "RMSE": 0.03224019948225037
}