{
    "Test_Size": 0.2,
    "Moving_Avg": 0,
    "Lags": 12,
    "PCA": 5,
    "learning_rate": 0.2,
    "max_depth": 5,
    "n_estimators": 100,
    "R2": 0.7707992988195123,
    "MAE": 0.13570707632091342,
    "RMSE": 0.029372643219291065
}